"","arriv","gini","alphab","dens_pop","urb_pop","prev_ch.resp","prev_malaria","alcohol_cons","med_1000","lack_hygien","immuniz_dtp1","immuniz_bcg","pm25","epi","lat_abs","ws2m_avg","conf_pm","death_pm"
"DZA",2371000,27.6,81.40783691,18.07629545,73.18900072,1900258.904,2093.502552,0.95,1.7,1.9,96,99,35.18,44.8,28.0339,3.723885505,6170.781752,159.6634701
"AGO",218000,51.3,66.03011322,25.52762894,66.17699852,1216879.057,3471085.247,6.94,0.2,48.8,67,69,38.29,29.7,11.2027,0.892070646,3116.043386,59.70093914
"BEN",337000,47.8,42.36240005,102.833313,47.86100102,458166.0828,4025992.023,2.81,0.1,59.7,84,89,42.17,30,9.3077,2.065602923,2283.845025,13.81221205
"BWA",1830000,53.3,86.82318115,3.960079418,70.17198876,88589.2448,1799.117931,6.59,0.5,11.8,98,98,25.16,40.4,22.3285,2.7827162,132624.2123,1165.951946
"BFA",143000,35.3,41.22444916,74.10611188,29.97999939,782798.9668,6919632.507,12.03,0.1,49.6,95,98,55.96,38.3,12.2383,2.359512789,1026.160726,18.79793782
"BDI",299000,38.6,68.37532806,414.3219547,13.3659972,607918.1755,4106089.816,7.19,0.1,65.4,97,93,36.81,27,3.3731,0.584226553,3339.727923,3.295584437
"CMR",997000,46.6,77.07103729,54.42617365,56.96799939,993033.7364,5937208.022,5.65,0.1,45.2,75,80,65.42,33.6,3.848,5.722606577,2162.280814,15.49675805
"CPV",758000,42.4,86.79029083,136.4602978,66.19491394,20452.00226,1414.334817,5.6,0.8,4.1,96,98,62.2,32.8,16.5388,1.014616322,217378.4174,3504.050479
"CAF",109000,56.2,37.39582062,7.616913866,41.77000475,230784.9855,1370331.021,2.38,0.1,82.1,69,74,43.27,36.9,6.6111,1.717563946,3087.129374,23.81361317
"TCD",87000,43.3,22.31155014,12.41968536,23.27899834,491905.5394,1401719.896,1.37,0,101,65,75,64.27,26.7,15.4542,3.477685749,458.3969926,11.97726752
"COM",45099.99847,45.3,58.81702042,457.2197743,29.16395381,36391.75986,19271.57993,0.69,0.3,50.7,96,94,15.34,32.1,11.6455,3.986930572,9503.035659,188.0392908
"COG",158000,48.9,80.29875946,15.73247953,67.37300642,248792.6384,965273.2517,9.27,0.2,38.7,82,80,42.88,30.8,0.228,0.208002436,4473.741141,71.55458184
"CIV",2070000,41.5,47.16535187,79.75111332,51.23900008,1033030.263,7256254.535,2.71,0.2,47.2,98,93,57.65,25.8,7.54,0.295529842,3373.237088,51.98987858
"COD",351000,42.1,77.04267883,37.01311251,45.04600022,3459255.705,21739988.16,2,0.1,59.8,66,73,42.5,36.4,4.0383,1.549305725,941.8189421,9.171503627
"DJI",63000,41.6,67.9,41.9637931,77.91497186,58912.97744,15090.68845,0.43,0.2,31.3,90,95,38.34,28.1,11.8251,3.898867235,16010.31267,194.1328732
"EGY",13026000,31.5,71.16825104,100.2427211,42.73000041,5077153.689,0,0.36,0.5,2,96,96,72.31,43.3,26.820553,3.064409257,5033.107867,243.2261052
"GNQ",590340.0002,46.952,94.3705368,48.34174688,72.62700352,54221.11921,463895.3152,7.23,0.4,22.3,77,85,44.47,38.1,1.6508,0.975079172,11799.53185,134.9571456
"ERI",142000,40.806,76.57051849,29.73639456,40.712,352250.6283,78032.51084,1.44,0.1,45.6,97,97,37.02,30.4,15.1794,2.834665043,2781.812983,29.45381756
"SWZ",1226000,54.6,88.41938019,66.13652074,23.98099518,61020.6095,664.3918864,10.04,0.3,27.9,96,98,19.9,33.8,26.5225,1.84045067,60769.25087,1214.148224
"ETH",812000,35,51.7711792,98.63832943,21.22499961,3863516.895,4480495.409,2.36,0.1,43.7,80,69,31.85,34.4,9.145,2.023909866,4191.321583,66.89047958
"GAB",526000,38,84.66716003,8.116632421,89.74099446,66208.84331,317442.2796,8.74,0.7,20.6,77,92,40.81,45.8,0.8037,0.065481121,21902.08043,139.4655845
"GMB",619000,35.9,50.77796936,207.7615929,61.9310084,83342.9555,57468.21074,3.55,0.1,29.7,93,88,57.74,27.9,13.4432,2.476894032,5106.261176,155.470915
"GHA",897000,43.5,79.03964233,127.5167938,56.70700131,1004340.026,5888882.494,2.75,0.1,18.8,97,96,54.5,27.6,7.9465,1.854774665,5291.990336,47.5049918
"GIN",99000,33.7,32.0038414,51.94519645,36.50000164,544267.91,3768057.76,1.11,0.1,44.6,62,73,53.32,26.4,9.9456,1.771412911,2854.772353,34.45239407
"GNB",52400.00153,50.7,45.5811615,53.16695267,43.77699875,74463.05365,48869.88403,5.38,0.1,35.3,85,86,54.43,29.1,11.8037,2.146954933,4242.233677,88.49916863
"KEN",2049000,40.8,81.53497314,90.58699278,27.50700047,1871391.035,3392788.252,2.78,0.2,51.2,97,95,26.6,34.7,0.0236,1.241096224,6151.770192,107.4295831
"LSO",1142000,44.9,76.6352005,70.00223979,28.58500669,64557.65746,0,4.59,0.1,44.4,92,96,24.49,28,29.61,2.151961023,15485.10588,327.9586386
"LBR",483207,35.3,48.30136108,44.33306995,51.6150083,155553.9,1787587.488,6.12,0,41.5,94,84,52.28,22.6,6.428055,1.416248477,1498.772424,59.54582335
"LBY",760000,31.72,86.09999847,3.851831729,80.3930002,364028.8629,0,0.019,2.1,0.6,74,74,49.23,43.632,26.3351,3.488416565,74025.60726,946.5209049
"MDG",486000,42.6,74.80432129,45.92122698,37.8609988,1973064.145,1539657.454,1.97,0.2,30.2,85,70,17.5,26.5,18.766947,2.505286236,2373.401734,51.31759596
"MWI",871000,44.7,62.14353943,157.2311529,17.17399995,847686.6459,2770899.157,3.63,0,28.3,97,91,25.62,38.3,13.2543,3.755883069,4597.195936,140.9649291
"MLI",217000,33,35.47377014,15.85082205,43.13599872,714226.8733,2560451.58,1.28,0.1,70.7,82,83,63.64,29.4,17.570692,3.016723508,1550.71482,36.9823407
"MRT",30000,32.6,53.49758911,4.390895508,54.50699738,216413.4055,304370.9274,0.036,0.7,38.6,89,90,74.13,27.7,21.0079,3.397868453,12963.53091,216.9831999
"MUS",1418000,36.8,91.32539368,620.4465686,40.76602005,64907.24471,0,4.35,2.5,0.6,97,99,10.52,45.1,20.348404,5.779939099,166185.6459,764.7875384
"MAR",13109000,39.5,73.75000763,81.67454708,62.99399955,1595026.668,0,0.69,0.2,1.9,99,99,28.38,42.3,31.7917,1.980280146,31895.18995,440.3405823
"MOZ",2033000,54,60.65542984,37.98698491,36.52800122,1526587.435,7515602.135,2.3,0.1,27.6,93,94,21.22,33.9,18.665695,2.347478685,7418.024532,72.44936415
"NAM",1651000,59.1,91.52726746,3.02627716,51.0419999,79001.80035,66558.77153,5.43,0.4,18.3,92,94,24.05,40.2,22.9576,2.84774665,63196.67432,1611.125142
"NER",192000,34.3,35.04999924,18.39835438,16.51700087,818782.8548,5795517.276,0.67,0,70.8,92,70,93.18,30.8,17.607789,3.415298417,377.5516967,13.21280793
"NGA",5265000,35.1,62.01601028,217.5472239,51.15699983,9107672.02,41121466.6,10.84,0.4,68.6,65,67,61.73,31,9.082,2.279062119,1270.951562,15.63467223
"RWA",1634000,43.7,73.21559143,479.3830676,17.31300116,1100689.026,1571710.846,8.95,0.1,19.3,99,98,39.7,33.8,1.9403,1.264786845,10273.42311,115.5465096
"STP",33400.00153,56.3,92.81664276,224.0166667,73.59803958,11497.17069,2199.57957,5.88,0.1,11.4,97,95,39,37.6,0.1864,3.520085262,27643.9625,339.4464698
"SEN",1376000,40.3,51.90042114,82.8446139,47.65299793,499547.8728,366445.3275,0.76,0.1,23.9,97,99,59.78,30.7,14.4974,2.85952497,5270.807648,120.5176811
"SYC",428000,32.1,95.8677063,212.2282609,57.11856594,4626.375462,0,20.5,2.1,0.2,99,98,13.67,58.2,4.6796,4.433118149,414043.5339,1679.897567
"SLE",71000,35.7,43.20632935,108.0665975,42.48399666,309017.4082,2812585.721,5.7,0,81.3,95,86,54.28,25.7,8.460555,1.520085262,982.1821107,15.99853581
"SOM",828447,36.8,37.8,24.21808644,45.55400036,1039771.805,928400.0484,0.009,0,86.6,52,37,27.67,31.609,5.152149,4.443995128,1710.170463,88.13108674
"ZAF",14797000,63,87.04666901,48.03441091,66.8559966,3163955.157,44391.53658,9.52,0.9,13.7,84,84,25.15,43.1,30.5595,3.179890378,63508.60434,1708.247187
"SSD",500054,44.1,34.52275848,17.45069923,19.89900121,457822.8021,1505656.173,2.97448,0.092,63.3,51,52,34.75,30.084,6.877,2.160548112,1560.461369,12.47501269
"SDN",836000,34.2,60.6971817,23.09104859,34.9360004,2005576.772,1474056.296,0.51,0.3,17.3,97,92,43.8,34.8,12.8628,3.154725944,1447.099143,114.6140827
"TZA",1527000,40.5,77.88722992,61.23241106,34.50000046,3810839.871,3667203.238,11.27,0,38.4,91,91,26.73,31.1,6.369028,2.380694275,582.9623324,13.7918044
"TGO",876000,43.1,63.74562073,142.3202324,42.24800015,358585.8843,2075058.208,2.46,0.1,41.6,90,98,45.48,29.5,8.6195,1.708526188,4570.320127,33.65351186
"TUN",9429000,32.8,79.03643036,71.47924332,69.2540026,639005.8401,0,2.12,1.3,1,97,92,33.27,46.7,33.886917,3.168489647,88577.07483,2421.862381
"UGA",1402000,42.8,76.52749634,183.2730035,24.36100046,2371576.034,14144212.71,15.09,0.2,31.6,99,88,42.75,35.6,1.373333,2.08046285,3702.428353,81.22956809
"ZMB",1266000,57.1,86.74796295,23.73211889,44.07199921,601391.8768,2098027.33,6.54,1.2,34.9,94,95,30.79,34.7,13.133897,2.397783191,17739.73841,222.0476647
"ZWE",2294000,50.3,88.69342041,37.47944518,32.20999834,425653.6694,188089.1321,4.67,0.2,24.6,94,95,25.18,37,19.015438,2.600828258,16816.53328,371.7190874
