Code_ISO,arriv,hdi,gini,gdp_cap,alphab,dens_pop,urb_pop,median_age,life_exp,p65yrs,prev_cvlds,prev_ch.resp,prev_diab,prev_malaria,prev_nutdef,pref_respdtub,alcohol_cons,med_1000,health_exp,lack_hygien,immuniz_dtp1,immuniz_bcg,pm25,hous_fossf,epi,lat_abs,ah_avg,ws2m_avg,rh2m_avg,tdew_avg,tmax_avg,tmin_avg,tmoy_avg,insol_avg,conf_pm,death_pm
DZA,2371000,0.759,27.6,3973.964072,81.40783691,18.07629545,73.18900072,29.1,76.693,6.552777882,2651013.272,1900258.904,2957147.771,2093.502552,4438995.48,5699925.09,0.95,1.7,255.87,1.9,96,99,35.18,78.9,44.8,28.0339,4.922384622,3.723885505,24.43721072,-0.225310597,32.65003654,17.11830694,24.39300853,21.09957369,6170.781752,159.6634701
AGO,218000,0.574,51.3,2790.726615,66.03011322,25.52762894,66.17699852,16.799999,60.782,2.19934175,1024265.637,1216879.057,749062.2236,3471085.247,7039025.921,9744035.74,6.94,0.2,87.62,48.8,67,69,38.29,17.8,29.7,11.2027,12.72075281,0.892070646,65.96196102,13.74593179,28.22154689,16.70817296,22.02834348,20.06705238,3116.043386,59.70093914
BEN,337000,0.52,47.8,1219.432672,42.36240005,102.833313,47.86100102,18.799999,61.47,3.264884925,420236.6918,458166.0828,251942.952,4025992.023,2540196.066,2801963.812,2.81,0.1,30.94,59.7,84,89,42.17,9,30,9.3077,15.93089458,2.065602923,63.68655298,17.1346285,33.22453106,21.27831912,26.65205847,19.05102314,2283.845025,13.81221205
BWA,1830000,0.728,53.3,7961.325181,86.82318115,3.960079418,70.17198876,25.799999,69.275,4.365895341,103617.6782,88589.2448,93030.57736,1799.117931,303038.1843,432031.1649,6.59,0.5,482.96,11.8,98,98,25.16,20.8,40.4,22.3285,9.32123039,2.7827162,43.73892814,8.259025579,30.60522533,15.9991961,23.0910475,21.60037759,132624.2123,1165.951946
BFA,143000,0.434,35.3,786.8956313,41.22444916,74.10611188,29.97999939,17.6,61.174,2.407287537,682555.0815,782798.9668,435797.3987,6919632.507,6604413.466,5318297.695,12.03,0.1,40.25,49.6,95,98,55.96,6.2,38.3,12.2383,13.09147414,2.359512789,48.47461632,12.80205847,35.12552984,21.67188794,27.84356882,21.14249086,1026.160726,18.79793782
BDI,299000,0.423,38.6,261.2474725,68.37532806,414.3219547,13.3659972,17.5,61.247,2.312095315,417389.5926,607918.1755,193188.9263,4106089.816,2271603.107,3084442.725,7.19,0.1,24.03,65.4,97,93,36.81,7.4,27,3.3731,12.9889033,0.584226553,81.8227771,14.96492083,24.12082826,14.22749086,18.53857491,17.52026797,3339.727923,3.295584437
CMR,997000,0.563,46.6,1507.450206,77.07103729,54.42617365,56.96799939,18.799999,58.921,2.723649908,975954.9651,993033.7364,570504.9532,5937208.022,5094334.347,6603955.487,5.65,0.1,54.14,45.2,75,80,65.42,14.7,33.6,3.848,17.29089135,5.722606577,80.58141291,20.07682095,24.32303289,22.98769793,23.62419001,20.27601705,2162.280814,15.49675805
CPV,758000,0.651,42.4,3603.781793,86.79029083,136.4602978,66.19491394,25.700001,72.782,4.698373444,33331.22863,20452.00226,24279.08372,1414.334817,104335.8856,98457.96066,5.6,0.8,194.86,4.1,96,98,62.2,30.3,32.8,16.5388,18.17614066,1.014616322,83.62764921,20.69538368,28.3561754,20.6463581,24.02551766,16.57788672,217378.4174,3504.050479
CAF,109000,0.381,56.2,467.9074406,37.39582062,7.616913866,41.77000475,18.299999,52.805,2.81479015,183036.4395,230784.9855,160403.5305,1370331.021,1445293.285,2143841.549,2.38,0.1,53.66,82.1,69,74,43.27,2.8,36.9,6.6111,16.12381887,1.717563946,71.25062119,18.15971985,30.69507917,19.87028015,24.9345676,19.80036541,3087.129374,23.81361317
TCD,87000,0.401,43.3,709.5403101,22.31155014,12.41968536,23.27899834,16.700001,53.977,2.491641623,471373.7089,491905.5394,269487.3362,1401719.896,4562885.09,4146520.615,1.37,0,29.24,101,65,75,64.27,5.3,26.7,15.4542,7.362186301,3.477685749,27.43419001,3.457028015,35.07130329,19.79093788,26.84866017,23.77946202,458.3969926,11.97726752
COM,45099.99847,0.538,45.3,1370.148207,58.81702042,457.2197743,29.16395381,20.4,64.118,3.055403427,38190.92385,36391.75986,16309.25991,19271.57993,165801.213,184920.908,0.69,0.3,65.23,50.7,96,94,15.34,11.5,32.1,11.6455,20.04141166,3.986930572,77.24968331,22.75449452,27.46847747,26.65946407,27.07522533,20.82341048,9503.035659,188.0392908
COG,158000,0.608,48.9,2279.969131,80.29875946,15.73247953,67.37300642,19,64.29,2.721415896,219172.4536,248792.6384,185311.8477,965273.2517,1575766.767,1743898.098,9.27,0.2,47.52,38.7,82,80,42.88,18.7,30.8,0.228,19.95834665,0.208002436,86.47287454,22.46120585,28.80436054,21.82230207,25.05718636,17.1695,4473.741141,71.55458184
CIV,2070000,0.516,41.5,2276.333279,47.16535187,79.75111332,51.23900008,18.700001,57.422,2.873119343,925150.2752,1033030.263,555578.5005,7256254.535,6219985.037,6350704.794,2.71,0.2,71.88,47.2,98,93,57.65,10.6,25.8,7.54,18.49997619,0.295529842,80.21356882,20.97622412,29.14883069,21.69879415,25.17180268,17.11059074,3373.237088,51.98987858
COD,351000,0.459,42.1,580.7168672,77.04267883,37.01311251,45.04600022,17,60.368,3.016939617,2931364.539,3459255.705,2318956.886,21739988.16,29347610.27,30615059.27,2,0.1,18.51,59.8,66,73,42.5,9.8,36.4,4.0383,18.67762223,1.549305725,76.12304507,20.90786845,31.11528624,21.79443362,26.16097442,17.43195493,941.8189421,9.171503627
DJI,63000,0.495,41.6,3414.92487,67.9,41.9637931,77.91497186,25.4,66.582,4.609063643,53967.31525,58912.97744,27025.5426,15090.68845,384444.5252,260788.8738,0.43,0.2,70.86,31.3,90,95,38.34,25,28.1,11.8251,14.85985029,3.898867235,59.12638246,16.67511571,33.67926918,22.03176614,26.99830694,21.91479903,16010.31267,194.1328732
EGY,13026000,0.7,31.5,3019.205829,71.16825104,100.2427211,42.73000041,25.299999,71.825,5.276332976,6361963.101,5077153.689,4398198.567,0,12345344.38,30025082.32,0.36,0.5,125.55,2,96,96,72.31,85,43.3,26.820553,7.174164971,3.064409257,40.86096224,4.878477467,28.86917174,14.15341048,21.07161998,22.74334957,5033.107867,243.2261052
GNQ,,0.588,,8131.923888,94.3705368,48.34174688,72.62700352,22.4,58.402,2.424508808,47764.17209,54221.11921,36611.91096,463895.3152,293708.9198,391323.7935,7.23,0.4,314.3,22.3,77,85,44.47,32.8,38.1,1.6508,20.18987405,0.975079172,88.65036541,22.66576127,28.20594397,22.59182704,24.79783191,15.45213155,11799.53185,134.9571456
ERI,142000,0.434,,642.5076591,76.57051849,29.73639456,40.712,19.299999,65.941,4.084,248593.5789,352250.6283,130443.4352,78032.51084,1564661.725,1825654.223,1.44,0.1,23.79,45.6,97,97,37.02,10.3,30.4,15.1794,15.97591351,2.834665043,52.86030451,18.25873325,35.53046285,26.23440926,30.28297199,20.1780268,2781.812983,29.45381756
SWZ,1226000,0.608,54.6,3894.679807,88.41938019,66.13652074,23.98099518,21.5,59.401,4.014789266,45002.12319,61020.6095,40266.61659,664.3918864,143056.5719,306326.6935,10.04,0.3,271.14,27.9,96,98,19.9,15.5,33.8,26.5225,11.3722505,1.84045067,64.93494519,11.45512789,27.66455542,13.59348356,19.73082826,17.87388551,60769.25087,1214.148224
ETH,812000,0.47,35,855.7608623,51.7711792,98.63832943,21.22499961,19.799999,66.24,3.516690455,3537762.339,3863516.895,1427747.79,4480495.409,26650617.77,37407123.22,2.36,0.1,24.23,43.7,80,69,31.85,10.5,34.4,9.145,11.0129595,2.023909866,59.35158343,11.6361754,28.26420219,15.60028015,21.2919732,22.75576127,4191.321583,66.89047958
GAB,526000,0.702,38,7767.013404,84.66716003,8.116632421,89.74099446,23.1,66.187,3.544727257,79701.80734,66208.84331,75856.79029,317442.2796,421773.6543,526538.9346,8.74,0.7,218.37,20.6,77,92,40.81,42.2,45.8,0.8037,18.43314939,0.065481121,78.63528624,20.92829476,30.09482339,21.8083922,25.42141291,15.30189403,21902.08043,139.4655845
GMB,619000,0.466,35.9,777.8119321,50.77796936,207.7615929,61.9310084,17.5,61.735,2.560925431,86563.03039,83342.9555,43252.08852,57468.21074,690948.7232,429476.001,3.55,0.1,22.16,29.7,93,88,57.74,10.5,27.9,13.4432,14.16835685,2.476894032,53.46822168,14.58872107,34.83578563,21.8636419,27.917162,21.01498173,5106.261176,155.470915
GHA,897000,0.596,43.5,2202.115567,79.03964233,127.5167938,56.70700131,21.1,63.78,3.097322178,1302403.019,1004340.026,878836.4439,5888882.494,6905890.272,8120225.363,2.75,0.1,77.91,18.8,97,96,54.5,17.8,27.6,7.9465,18.32699563,1.854774665,70.15666261,20.32383678,33.0190743,22.63526188,27.41952497,18.16305116,5291.990336,47.5049918
GIN,99000,0.466,33.7,962.8399086,32.0038414,51.94519645,36.50000164,19,61.185,2.94190559,414146.5596,544267.91,234078.4873,3768057.76,2998160.842,3194114.571,1.11,0.1,38.32,44.6,62,73,53.32,6.1,26.4,9.9456,16.16612387,1.771412911,69.68093788,17.9201827,31.13621194,19.98745432,25.17129111,19.3771011,2854.772353,34.45239407
GNB,52400.00153,0.461,50.7,697.2949269,45.5811615,53.16695267,43.77699875,19.4,58.003,2.863260455,60613.85716,74463.05365,38613.81072,48869.88403,506708.3457,497367.8785,5.38,0.1,53.29,35.3,85,86,54.43,6.4,29.1,11.8037,17.11240581,2.146954933,66.39394641,18.85924482,33.28792935,22.12142509,27.17220463,19.90600487,4242.233677,88.49916863
KEN,2049000,0.579,40.8,1816.546916,81.53497314,90.58699278,27.50700047,20,66.342,2.42382671,2068734.662,1871391.035,864363.4444,3392788.252,7261133.393,15338667.42,2.78,0.2,88.39,51.2,97,95,26.6,13.9,34.7,0.0236,14.30142938,1.241096224,60.13151035,16.2480268,32.90941535,19.9238246,25.65542022,19.8854324,6151.770192,107.4295831
LSO,1142000,0.518,44.9,1118.131284,76.6352005,70.00223979,28.58500669,22.200001,53.705,4.925825825,88884.93533,64557.65746,75571.45524,0,367281.9077,648630.0899,4.59,0.1,124.79,44.4,92,96,24.49,10,28,29.61,6.475871433,2.151961023,64.15845311,2.761595615,16.85824604,4.590840438,10.26207065,19.77207065,15485.10588,327.9586386
LBR,,0.465,35.3,621.8929536,48.30136108,44.33306995,51.6150083,19.200001,63.73,3.285693974,175077.8307,155553.9,125843.1333,1787587.488,765191.4973,1159016.544,6.12,0,45.42,41.5,94,84,52.28,11.4,22.6,6.428055,20.0995566,1.416248477,86.58158343,22.52700365,29.18054811,21.88008526,25.12573691,16.81537759,1498.772424,59.54582335
LBY,760000,0.708,31.72,7685.949267,86.09999847,3.851831729,80.3930002,29,72.724,4.458238878,447340.9701,364028.8629,578716.0524,0,730112.0676,1330109.274,0.019,2.1,309.88,0.6,74,74,49.23,,,26.3351,5.858224695,3.488416565,32.05583435,1.746881851,30.13405603,14.48149817,21.95526188,22.1852497,74025.60726,946.5209049
MDG,486000,0.521,42.6,523.3590645,74.80432129,45.92122698,37.8609988,19.6,66.681,3.044064128,1146814.337,1973064.145,459673.4381,1539657.454,6103629.313,7000073.796,1.97,0.2,22.05,30.2,85,70,17.5,7.4,26.5,18.766947,12.73536803,2.505286236,79.14488429,14.38069428,24.61503045,13.77136419,18.60876979,21.56554202,2373.401734,51.31759596
MWI,871000,0.485,44.7,411.5523404,62.14353943,157.2311529,17.17399995,18.1,63.798,2.642024179,702533.4716,847686.6459,375599.076,2770899.157,4592630.339,3222762.862,3.63,0,35.5,28.3,97,91,25.62,9.3,38.3,13.2543,15.15941348,3.755883069,62.79411693,17.54136419,29.29806334,22.32745432,25.87087698,20.44714982,4597.195936,140.9649291
MLI,217000,0.427,33,879.0080104,35.47377014,15.85082205,43.13599872,16.4,58.893,2.495127818,696751.0407,714226.8733,376597.0038,2560451.58,7100486.69,5014326.166,1.28,0.1,34.95,70.7,82,83,63.64,6.8,29.4,17.570692,7.847943523,3.016723508,26.48870889,4.437186358,35.55602923,21.33063337,27.97274056,22.98585871,1550.71482,36.9823407
MRT,30000,0.527,32.6,1679.444873,53.49758911,4.390895508,54.50699738,20.299999,64.704,3.156243813,166594.9079,216413.4055,66021.9319,304370.9274,1002005.544,826815.9814,0.036,0.7,54.49,38.6,89,90,74.13,19.8,27.7,21.0079,6.508076817,3.397868453,26.81828258,3.173788063,33.25652862,18.93998782,25.58655298,22.34788063,12963.53091,216.9831999
MUS,1418000,0.796,36.8,11099.24028,91.32539368,620.4465686,40.76602005,37.400002,74.41634146,11.99872723,101211.8467,64907.24471,190191.4605,0,157588.9703,395693.9988,4.35,2.5,653.35,0.6,97,99,10.52,63.3,45.1,20.348404,17.5025567,5.779939099,75.4217296,20.27848965,26.35911084,23.8681486,24.97643118,20.36739342,166185.6459,764.7875384
MAR,13109000,0.676,39.5,3204.095003,73.75000763,81.67454708,62.99399955,29.6,76.453,7.300454771,2668374.317,1595026.668,2460112.135,0,4726291.784,7958957.721,0.69,0.2,174.78,1.9,99,99,28.38,44.6,42.3,31.7917,7.416708463,1.980280146,49.45909866,5.091912302,25.96533496,12.1637637,18.16371498,20.02779537,31895.18995,440.3405823
MOZ,2033000,0.446,54,503.5707727,60.65542984,37.98698491,36.52800122,17.700001,60.163,2.878446169,1112063.049,1526587.435,546759.7087,7515602.135,6813896.839,7328086.306,2.3,0.1,40.26,27.6,93,94,21.22,7,33.9,18.665695,17.35139271,2.347478685,72.16494519,19.32377588,31.93936663,20.82019488,25.64970767,19.37552984,7418.024532,72.44936415
NAM,1651000,0.645,59.1,4957.458222,91.52726746,3.02627716,51.0419999,22,63.373,3.608054423,101639.6255,79001.80035,74714.49392,66558.77153,335193.9966,575616.905,5.43,0.4,471.49,18.3,92,94,24.05,20.4,40.2,22.9576,7.218859928,2.84774665,36.92529842,3.760803898,30.10063337,13.6737637,21.50968331,23.06695493,63196.67432,1611.125142
NER,192000,0.377,34.3,553.8950504,35.04999924,18.39835438,16.51700087,15.1,62.024,2.596711426,664480.4083,818782.8548,255159.4774,5795517.276,6826691.243,5490973.018,0.67,0,30.36,70.8,92,70,93.18,5.4,30.8,17.607789,6.108752502,3.415298417,22.45198538,0.364348356,35.29512789,20.0291961,27.02518879,23.22747868,377.5516967,13.21280793
NGA,5265000,0.534,35.1,2229.858696,62.01601028,217.5472239,51.15699983,18.1,54.332,2.743083338,7893718.377,9107672.02,2947806.381,41121466.6,55013733.91,50303011.76,10.84,0.4,83.75,68.6,65,67,61.73,11.7,31,9.082,13.41800478,2.279062119,58.90460414,13.77266748,31.61239951,20.61673569,25.41460414,19.52943971,1270.951562,15.63467223
RWA,1634000,0.536,43.7,820.0252417,73.21559143,479.3830676,17.31300116,20.299999,68.7,3.028253062,477672.0651,1100689.026,229062.5987,1571710.846,2131057.659,3009243.026,8.95,0.1,58.31,19.3,99,98,39.7,11.8,33.8,1.9403,13.25912318,1.264786845,80.4938246,15.37077954,24.50129111,14.76580999,19.18936663,16.85302071,10273.42311,115.5465096
STP,33400.00153,0.609,56.3,1946.643614,92.81664276,224.0166667,73.59803958,18.700001,70.17,2.960159214,10501.02449,11497.17069,5444.911066,2199.57957,42396.75333,41981.11012,5.88,0.1,125.4,11.4,97,95,39,16,37.6,0.1864,21.01904289,3.520085262,82.86806334,23.55680877,27.03822168,26.31984166,26.70116931,16.64621803,27643.9625,339.4464698
SEN,1376000,0.514,40.3,1446.830965,51.90042114,82.8446139,47.65299793,18.700001,67.665,3.098476445,600630.2442,499547.8728,466720.4102,366445.3275,4321327.372,3546278.627,0.76,0.1,58.9,23.9,97,99,59.78,12.3,30.7,14.4974,11.8468454,2.85952497,41.96227771,10.75918392,36.59596833,22.57538368,29.15686967,21.32365408,5270.807648,120.5176811
SYC,428000,0.801,32.1,17448.27029,95.8677063,212.2282609,57.11856594,36.200001,72.84146341,7.805481947,6731.891819,4626.375462,11040.67019,0,12797.58593,32795.27344,20.5,2.1,833.08,0.2,99,98,13.67,72.3,58.2,4.6796,21.27516799,4.433118149,80.03976857,23.82420219,27.88883069,27.19518879,27.57535932,21.15039586,414043.5339,1679.897567
SLE,71000,0.438,35.7,527.5336344,43.20632935,108.0665975,42.48399666,19.1,54.309,2.947736623,328961.363,309017.4082,111973.0055,2812585.721,2031672.939,1978840.79,5.7,0,85.78,81.3,95,86,54.28,7,25.7,8.460555,19.49674691,1.520085262,78.14311815,21.66412911,31.59758831,22.52146163,26.56085262,18.26684531,982.1821107,15.99853581
SOM,,0.285,36.8,126.9249205,37.8,24.21808644,45.55400036,16.799999,57.068,2.889203812,651940.0549,1039771.805,326994.4544,928400.0484,8016493.779,4565575.926,0.009,0,,86.6,52,37,27.67,,,5.152149,16.10521448,4.443995128,58.9117296,17.97183922,35.02880633,22.39008526,28.12227771,22.51939099,1710.170463,88.13108674
ZAF,14797000,0.705,63,6001.400814,87.04666901,48.03441091,66.8559966,27.299999,63.857,5.415255608,3179254.468,3163955.157,2808002.034,44391.53658,6094195.387,25654075.63,9.52,0.9,525.96,13.7,84,84,25.15,36.2,43.1,30.5595,6.710338021,3.179890378,40.34775883,2.715115713,27.45783191,10.89343484,18.86035323,22.42326431,63508.60434,1708.247187
SSD,,0.413,44.1,1119.651333,34.52275848,17.45069923,19.89900121,19.200001,57.604,3.376805137,352452.3449,457822.8021,160447.5905,1505656.173,2276791.278,2527072.428,,,26.79,63.3,51,52,34.75,,,6.877,15.83037771,2.160548112,60.22908648,17.69799026,33.63517661,22.73749086,27.87673569,19.30876979,1560.461369,12.47501269
SDN,836000,0.507,34.2,441.5056034,60.6971817,23.09104859,34.9360004,19.700001,65.095,3.627317326,1760095.436,2005576.772,1708376.969,1474056.296,6923881.094,8691451.358,0.51,0.3,60.17,17.3,97,92,43.8,19.7,34.8,12.8628,9.473608552,3.154725944,38.55828258,6.870584653,33.62485993,18.96367844,25.76218027,22.23158343,1447.099143,114.6140827
TZA,1527000,0.528,40.5,1122.12181,77.88722992,61.23241106,34.50000046,17.700001,65.015,2.620541103,2196585.744,3810839.871,917258.2783,3667203.238,14105231.94,9849445.543,11.27,0,36.82,38.4,91,91,26.73,10.6,31.1,6.369028,14.21205606,2.380694275,74.24857491,16.2289525,27.88333739,16.77207065,21.82892814,21.14589525,582.9623324,13.7918044
TGO,876000,0.513,43.1,679.2902491,63.74562073,142.3202324,42.24800015,19.4,60.76,2.887347591,308270.3623,358585.8843,125489.2614,2075058.208,1900724.498,1855689.517,2.46,0.1,41.84,41.6,90,98,45.48,10.7,29.5,8.6195,17.62148669,1.708526188,73.65755177,19.69980512,31.02141291,21.32522533,25.77099878,18.46546894,4570.320127,33.65351186
TUN,9429000,0.739,32.8,3317.453593,79.03643036,71.47924332,69.2540026,32.700001,76.505,8.593468556,901015.4097,639005.8401,1108880.921,0,787423.3931,1993567.204,2.12,1.3,251.55,1,97,92,33.27,81.1,46.7,33.886917,9.187498374,3.168489647,51.69953715,7.886467722,27.44136419,14.13136419,20.18660171,19.54872107,88577.07483,2421.862381
UGA,1402000,0.528,42.8,794.3410779,76.52749634,183.2730035,24.36100046,16.4,62.973,1.962550187,1393956.932,2371576.034,776690.4664,14144212.71,6522207.529,15842087.91,15.09,0.2,43.14,31.6,99,88,42.75,11.3,35.6,1.373333,14.99049607,2.08046285,68.86250914,17.44231425,28.86940317,19.94859927,24.12952497,20.28409257,3702.428353,81.22956809
ZMB,1266000,0.591,57.1,1305.063254,86.74796295,23.73211889,44.07199921,17.700001,63.51,2.115314738,612652.5645,601391.8768,328933.3868,2098027.33,5433025.955,3991607.954,6.54,1.2,75.99,34.9,94,95,30.79,12.5,34.7,13.133897,12.55077427,2.397783191,68.59745432,13.68571255,27.59103532,15.4217296,21.05807552,20.40706456,17739.73841,222.0476647
ZWE,2294000,0.563,50.3,1463.98591,88.69342041,37.47944518,32.20999834,19.6,61.195,2.980608063,578100.0324,425653.6694,494009.8362,188089.1321,2824541.893,2402099.375,4.67,0.2,140.32,24.6,94,95,25.18,10.2,37,19.015438,10.87011209,2.600828258,59.50667479,10.84254568,28.30518879,14.17275274,20.75316687,20.80152253,16816.53328,371.7190874
